F.endolithicus	F.simplex	H.werneckii
0.182785	0.127057	2.237441
0.907518	0.601163	1.487478
0.059391	0.601163	0.643381
1.108088	0	0.226545
1.637504	0.259138	0.308575
0.279989	0.700837	2.65225
0.688041	0.46269	0.728874
0.246806	0.114182	0.305745
0.594794	1.97149	0.134376
1.031859	0.094125	0.358728
0.822927	1.96669	0.283224
0.648691	0.05964	0.251744
1.019968	2.947756	0.7297
0.208377	3.243294	0.322934
0	0.596518	0
0.383419	0.794993	0.261455
0.592497	0.239004	0.69408
0.190846	2.943276	0.137588
0.256617	2.967329	0.333627
0.198335	1.213116	1.039882
0.392037	0	0.118273
0.140191	0	0.236507
0.610919	0	0.150925
0.369403	0.263374	0.222284
0.184106	0	0.283261
0.209139	0.263374	0.193354
0.304856	0.142679	0.124203
0	1.662394	0
0	2.67195	0
0.184098	1.719013	0.32571
0.430542	3.13541	0.43626
0.196105	0.594905	1.33922
0	0	0
0.415804	1.594135	0.171562
2.892811	1.594135	0.953182
1.947258	1.523232	0.352785
0.155652	1.523232	0
0.747736	0	0.390937
0	0	0.659988
3.575555	0	0.329302
3.944	0	0
0.600201	0.078355	2.122431
0.305973	1.487208	2.128377
0.361517	2.224369	0.846396
0.214775	0.26999	0.391462
2.031735	0	0.388271
0.349828	0.268411	0.371193
0.238123	3.061778	1.088608
0.415072	0.560376	0.433404
0.180227	0.883228	0.236792
2.781856	3.165804	0.367078
2.190875	2.029547	0.677322
0.746786	0.028585	1.640524
0	0	0.744726
0.306351	2.389885	1.821184
2.389492	2.317414	1.821184
0.302839	1.931437	0
3.312074	2.26918	0
0.100364	0.206374	0.351782
0.45577	0.252538	0.089671
0.299908	0.25176	2.865446
0	0	2.647678
0.326917	0.128296	0.19871
0.222458	1.498557	0.236052
0.21375	2.809053	0.331416
0.17841	0.120163	4.117952
0.298698	0	4.113912
0.131447	0.118797	0.509709
0.272307	0.140869	0.720959
0.190693	0	0.621506
0.315061	0.140869	0.363143
0.738424	=-nan	2.458131
0.275349	=-nan	1.716433
0.207518	=-nan	0.616081
0.739894	0.322843	1.716433
0.234492	0.322843	1.207519
0.37065	0	0
0.225639	0.064837	1.207519
0.300962	1.274224	0.580674
0.452871	1.406418	1.699287
0.490152	1.543904	1.355891
0.324939	3.102454	2.324575
0.463081	3.121299	0.42133
0.31065	1.527883	0.416106
0.309525	2.062776	0.264714
0.21551	0.291225	0.250827
0.519639	1.775275	0.336418
0.459286	1.775275	0.43711
0.27929	0	2.343973
0.233615	0	99
0	2.907532	0.112068
0.061082	2.907532	0.29366
1.562822	0	0.152052
0.372171	1.427368	0.294908
0.145573	1.353225	0.059412
2.612036	0.209887	0.151932
0.213226	0.154145	0.423609
0	0.747086	0
0.140021	0.357125	0.514526
0	0.152699	1.245975
0.391927	0.159412	0.133195
0.771652	0.260496	0.692455
0.30877	1.293917	0.568551
0.142273	0.455233	0
0.082812	0.54953	0.299402
2.125586	0.100329	0.784466
1.597964	0.523202	0.171241
0.336907	0.523202	0.17416
0.269531	0	0.120082
0.203986	2.559994	0
1.227669	0.140925	0
0.218207	3.799782	0.325875
0.526152	3.799478	0.167055
0.228419	0.598594	0.36083
0.253308	2.863957	0.452113
1.457344	2.88727	0.413857
0	0.151033	0.297343
0.218909	0.151277	0.453527
0	0	0.464014
0.372598	0.140795	0.719819
0.791948	2.680092	0.409336
0	2.672287	0.54024
0	0.265301	0.331381
0.022078	1.256409	0.139408
0.620504	1.161596	0
0.128057	0.892282	1.007608
4.382386	0.205237	0.8397
2.051806	3.517854	0.566023
0.311489	2.488653	0.242022
0.733818	0.118376	0
0.044345	1.287242	0.062254
0.202544	0.811372	0.347563
0.212336	0.160058	0.135327
0.313248	0.32788	0.209241
1.981937	2.890302	0.438661
0.322421	2.569883	99
1.975491	0.213233	1.793136
0.357231	0.912523	0.430156
0	0.912523	0.302497
0	0	3.032497
0.088754	4.62398	1.921726
0	4.62509	0.460835
0.531343	0.275543	1.230877
0.495977	1.394775	1.922416
0.252841	1.064189	0.439568
0.203958	0.247468	0.388802
0.640047	0.096696	2.523721
0.121082	1.02092	0
0.409851	1.02092	0.880112
1.87567	0	0.322621
1.759221	0.772172	0.679063
0.470453	0.732974	0
0.951554	0.039746	0.313897
0.809762	0.199913	0.340155
0.274636	0.999578	0.174611
0.144517	0.999578	0.37918
0.092331	0	0.754018
0.148313	2.06399	1.766472
0.530814	0.022572	0.779409
0.529713	2.530852	0.480013
0.206828	0.102294	0.574229
0.46813	2.207255	0.184301
1.985944	2.179721	0.283094
3.564267	0.46619	0.413318
0.317246	0.46619	0.217489
0	0	0.203947
0.168068	2.4416	0.302884
0.038536	2.439646	0.9696
0.108084	0	1.120639
0.775981	0.126229	0.81114
0.157316	0.837839	0.472841
0.436858	0.916712	0.739297
0	0.112137	0.1285
0.440192	0.082986	0.171793
0.777134	0.781535	0.723533
0.626745	0.85432	0.11842
0.611908	0.182289	1.125871
0.279141	0.83101	1.138352
0.160666	0.940069	1.375068
0	0.111987	0.195412
0.225542	0.9331	0.264219
0.154607	0.842802	99
0.192916	1.387863	0.170229
0.644735	1.555063	0.251897
0.262155	0.311131	0.463658
0.150265	0.192704	0.205713
0.382761	3.288049	0
0.418235	3.118415	0.316515
0	0.344684	1.71105
0.297507	2.893952	1.699875
0.173847	0.206285	0.29498
0.354495	2.892862	0.797137
0.05598	99	0.367952
1.211157	1.892114	1.483723
1.308402	1.692873	2.085866
0.205171	0.728869	1.034235
0.259795	99	2.440071
=-nan?	1.715293	0.493347
0.266887	99	0.188204
0.879113	99	1.063019
0.494785	0.565318	0.927996
0.140122	99	0
0.162314	1.863873	1.932786
0.242159	1.720538	2.778554
0.291527	1.655823	0.298943
0.372543	99	0.274825
0.879152	99	0.352007
1.452305	0.104038	0
0.150597	2.114318	1.570949
1.095054	1.988425	0.983617
0.233232	1.517784	2.427967
0.392479	2.225435	1.401879
0.308327	0.15656	1.267333
0.278201	0.947313	0.429501
0.193349	0.929811	1.806707
0.413141	0	2.63606
0.267698	4.555101	0.431196
0.166232	2.310924	0.387257
0.243343	0.163061	0.322039
0.127666	0.248575	=-nan?
0.193596	2.086537	=-nan?
0.176262	5.353105	=-nan?
0.485032	0.284464	0.301045
0.388177	0.284464	0.227572
0.350446	0	0.613663
0.952625	0.239334	0.314525
0.269243	0	0.403378
0.387992	0.238846	2.892374
0.294192	2.72974	0.240309
0.161602	2.72974	0.149469
0.241495	0	0.704132
0.483464	0.194722	0.335423
0.199853	0	0.580103
0.226257	0	0.493294
0.330175	0	0.254608
0.428116	0.058149	1.696838
0.20629	1.157396	4.0469
0.423983	1.21532	0.287047
0.214298	1.060571	0
0.201736	1.710457	0.321111
0.219046	0.695954	0.778644
0.250812	1.754266	3.967961
0.267188	1.751038	3.967887
0.126208	1.751038	3.676235
0.291917	0	3.97634
0.372618	0	0.47274
0.165956	0	0.435149
0.376516	1.552095	0.397229
0.289479	1.519241	3.780099
0.318358	0.207154	3.829238
0.518883	0	3.782272
0.661971	1.077973	3.831274
0.207447	1.077973	2.469263
0.362029	2.966139	0.121348
0.221556	2.966139	2.806642
0.3659	0	2.84692
0.305077	0	2.78727
0.146892	0.370738	2.777163
0.295953	0.285327	2.836275
0.410689	0	2.875032
0.361059	0	2.817663
0.358677	0	2.80796
0.258932	1.454664	0.429753
0.312459	1.613931	2.752707
0.372457	0.097992	2.742119
0.266802	1.673174	2.95148
0.406583	3.096255	2.785912
0.338307	0.161253	0.401327
0.375267	1.798173	0.103062
0.29138	1.714656	0.423827
0.367054	0.053352	0.46876
0.258492	2.941067	0.386034
0.369878	0.300484	0.336848
0.282746	2.969782	0.295353
0.534989	1.683321	0.246544
0.290587	1.30282	0.289862
0.646286	1.36009	0.377858
0.427076	0.129673	0.512788
1.478195	1.372662	0.27826
0.180305	1.417185	0.240012
0.849538	0.032985	0.271052
0.470594	0.543045	0.332923
0.238123	0.096871	0.200836
0.408275	0.519843	0.400618
0.063094	0.13696	0.349257
0.062213	0	0.380693
0.366852	0.13696	0.427223
0.330157	1.096899	0.232462
0.523995	1.063157	0.651577
0.109996	0.197561	0.317686
0.340266	3.98601	0.500369
0.852697	3.364356	0.195514
0.497303	0.175596	0.373324
0.206922	2.243928	0.342542
0.335461	1.889402	0.464185
0.178828	0.176195	0.383696
0.287384	1.50453	0.412559
0.20641	0.689669	0.495993
0.258161	1.832978	0.289113
0.206813	0.170192	0.310361
0.114402	0.170192	0.359545
0.206562	0	0.340566
0.396611	0	0.378388
0.190567	0	0.348307
0.363345	0	0.265523
0.285593	99	0.448046
0.158508	1.035462	0.358795
0.316707	1.667229	0.329439
0.293973	3.181237	0.618939
0.332466	3.178942	0.586378
0.396011	0.170793	0.24365
0.191512	0	0.271255
0.201091	0	0.250547
0.242218	0	0.342144
0.600822	0.356113	0.306116
0.543116	0.356113	0.295823
0.4333	0	0.408266
0.360397	0.468903	0.394512
0.386375	0.468903	0.350379
0.323234	0	0.798159
0.467682	0.241944	0.366849
0.394105	0.242148	0.537276
0.320264	0	0.190382
0.266948	2.241644	0.325948
0.369862	0	0.565873
0.463211	2.241644	0.439086
0.257736	1.239077	0.697112
0.535013	1.238548	0.416523
0.234528	0.029797	0.44395
0.529416	0.521694	0.672639
0.675154	0.619887	0.315283
0.336251	1.829921	0.888343
0.439426	1.829542	0.465494
0.218272	0	0.669542
0.516364	0.249824	0.255974
0.379535	0.011189	0.223853
0.298721	0.482705	0.489198
0.163138	0.403452	0.223284
0.141747	0.02918	0.155648
0.207785	0.455544	0.344731
0.306006	1.824716	0.209418
0.271564	1.824716	0.277725
0.313054	0	0.32911
0.208485	2.254152	0.258569
0.252549	0.366869	0.300734
0.343985	99	0.35752
0.329677	2.426822	0.334381
0.291944	1.266453	0.345232
0.532262	0.805921	0.263241
0.324643	0.578942	0.348806
0.241738	2.699914	0.352158
0.406523	2.267989	0.339867
0.343205	0.945526	0.390183
0.185865	0.945526	0.206865
0.324374	0	0.242852
0.321945	0.374717	0.667968
0.145989	0.205349	0.307924
0.271272	0.220912	0.312843
0.297534	0.178398	0.464275
0.44904	0.178511	0.348769
0.543654	0	0.520213
0.687423	2.862296	0.323369
0.472902	0	0.387099
0.182615	2.864084	0.538136
0.280733	1.335925	0.268061
0.102584	1.291004	0.433249
2.323584	1.281617	0.374408
3.754743	99	0.305306
1.983449	99	0.272391
4.550742	0	1.01104
3.006391	0.231314	0.37545
0.381987	0	0.320704
0.260096	0	0.41144
0.230684	0	0.293076
0.172213	0.042775	2.526546
0.191918	0.116616	0.32948
0.180964	2.607261	0.693202
0.318486	1.524927	0.679455
0.261447	0.387984	0.515126
0.430645	0.273524	0.434718
0.260367	0	1.014283
0.188575	0.271301	0.460959
0.294874	1.884327	0.610092
0.289768	1.884327	0.537276
0.249747	0	0.459927
0.140514	1.913402	0.539819
0.296552	1.868222	0.446109
0.095395	0.075353	0.583695
0.604962	0.664045	0.719758
0.256256	0.943589	0.608605
0.256612	2.091111	0.454014
0.262413	2.393033	0.298377
0.245852	2.149732	0.344046
0.291308	1.490852	0.288598
0.300522	1.487012	0.309714
0.337948	1.94194	0.408116
0.232147	0.212766	0.244
0.401078	2.545662	0.381904
0.590111	0.19356	0.343898
0.436543	0	0.307877
0.86654	1.824878	0.333199
1.076757	1.824878	0.134163
0.264453	1.152856	0.396465
0.379839	1.338336	0.524012
0.301014	0	0.211215
0.332521	0.228754	0.332667
0.249688	2.423437	0.262699
0	2.445759	0.15145
0.240786	0.155188	0.340673
0.219704	1.207807	0.247531
0.197214	1.263547	0.252624
0.38138	0	0.339456
0.283874	0	0.496023
0.30699	0	0.406738
0.291959	1.858072	0.286922
0.540683	3.371786	0.582105
0.452381	0.326867	0.383903
0.303752	1.388721	0.329112
0.45527	0	0.435367
0.532589	1.822803	0.295913
0.376344	1.822803	0.573581
0.27526	0.069996	0.45745
0.258081	3.006173	0.592198
0.313243	3.005908	0.387442
0.446867	0.085833	0.358341
0.385644	0.085833	0.351616
0.162509	0	0.399928
0.207285	0.071715	0.33457
0.311076	0.068583	0.503777
0.237994	0.719453	0.197783
0.306429	1.038622	0.304818
0.664268	0	0.181863
0.206129	0	0.323719
1.21245	0	0.250084
0.312446	0.154449	1.000886
0.224514	2.413547	0.438095
0.112859	1.690353	0.467163
0.632997	0.20755	0.56478
0.253871	0.308585	0.507876
0.29778	0	0.480783
0.376482	0.308115	0.352982
1.288556	0.456522	0.30752
0	0.15365	0.299542
1.288556	3.880547	0.267475
0.089988	3.874402	0.372012
0.228322	3.884962	0.362778
0.658272	3.878853	1.249272
0.268353	0.193335	0.614376
0.149791	2.723311	0.336971
0.236582	0.098753	0.356584
0.458276	2.644927	0.664657
0.383946	0	0.301504
0.51257	0.057531	0.241387
0.360052	2.274621	0.255813
0.123529	1.721715	0.218718
0.285632	0.077301	0.335241
0.33522	2.888709	0.347418
0.470782	2.888709	0.534051
0.177987	0	0.496238
0.204291	1.945671	0.647868
0.419185	1.392886	0.328022
0.282055	0.079188	0.239254
0.47202	1.088007	0.20169
0.555727	2.765332	0.351672
0.387441	3.159724	0.311764
0.346425	3.417859	0.431762
0.280803	1.186931	0.425649
0.204731	1.747064	0.284028
0.389615	1.761621	0.347299
0.624714	2.471737	0.350993
2.980623	2.751457	0.23667
0.895837	2.750795	0.345758
0.53876	1.322504	0.365756
0.348218	0	0.232058
0.441625	3.248952	0.473895
0.226289	3.300589	0.328607
0.774207	0.342763	0.372971
0.295623	3.061588	1.026149
0.517898	0	0.515492
0.329935	0	0.453617
0.407423	0	0.09559
0.29757	=-nan	0.606771
1.94655	0.130954	0.269627
0.360949	3.137136	0.434158
0.405041	3.121022	0.494203
0.319587	2.494165	0.397677
0.174146	2.354405	0.386972
0.400461	0.153713	0
0.14424	0.108407	0.133916
0.331339	0	0.215135
0.411083	0.108455	0.494636
0.151577	0.063805	0.223297
0.208657	3.033522	0.184498
0.278262	3.037588	0.252955
0.265425	1.385896	0.290785
0.175878	2.453931	0.182033
0.382278	0.708582	0.156226
0.37896	0.08554	0.258259
0.290748	2.753127	0.41553
0.210499	2.750976	1.347995
0.566414	0.767391	0.228084
0.217464	3.008979	0.151565
0.093094	0.432281	0.170777
0.197621	3.382144	0.224251
0.286033	1.697423	0.441192
0.722277	0.291899	0.685831
0.370368	0	0.457774
0.257507	1.660996	0.994295
0.186158	0	0.250785
0.2328	1.660996	0.491203
0	0	0.426907
0	0	0.454127
0.271583	0	0.268253
0.29309	2.326467	0.370331
0.538901	2.330493	0.314844
0.247281	0.102675	0.354423
0.497841	0.521844	0.432333
0.421006	0.649515	0.428339
0.039783	1.00942	0.926098
0.847863	0.131506	0.404859
0.358088	1.252906	0.34466
0.251363	0.765816	0.399819
0.36667	0.93632	0.610517
0.295533	2.154799	0.382336
0.188738	0	1.763304
0.315023	2.071745	0.34435
0.190152	3.897633	0.949586
0.297303	3.892305	0.410854
0.345269	0.136013	0.381405
0.451735	0.975898	0.389239
0.068648	2.02279	0.22748
0.291637	1.336487	0.390144
0.332593	2.2798	0.465462
0.080916	0.417419	0.465439
0.237285	0.224386	0.342919
0.451446	1.633497	0.438854
0.243445	0.240522	0.321576
0.358692	1.139703	0.292142
0.458279	1.2443	0.470961
0.195492	0.589807	0.795599
0.523008	1.557679	0.436188
0.377539	99	0.422592
0.145404	1.666857	0.352163
0.277217	1.697809	0.345922
0.212218	1.488384	0.230451
0.462401	1.570767	0.418334
0.472881	1.361538	0.462443
0.305276	1.475607	0.552575
0.326286	1.515314	0.342234
0.393269	0.28359	0.180383
0.301269	0.068704	0.269309
0.327928	1.979989	0.36752
0.25096	0.768529	0.93851
0.299085	3.032615	0.585466
0.275245	3.032615	0.281623
0.312654	3.032615	0.27905
0.370938	1.978549	0.420548
0.335159	0.6032	0.219012
0.347768	3.124224	0.506785
0.148869	3.124224	0.494861
0.543759	3.124224	0.458873
0.418001	2.070833	0.473585
0.282941	2.179206	0.467207
0.349457	2.179206	0.308525
0.456812	2.179206	0.422889
0.31215	1.019399	0.140481
0.263274	1.019399	0.663087
0.214046	1.019399	0.266598
0.114174	0	0.302948
0.33955	0	0.12886
0.30179	0	0.196894
0.179016	1.362825	0.350967
0.269442	1.572926	0.347613
0.075813	1.540623	0.337717
0.269663	1.497853	0.441239
0.194722	2.277986	0.425676
0.33825	1.699065	0.481776
0.42992	1.659796	0.423545
0.399299	0.026559	0.40733
0.271631	0	0.859324
0.590438	0.026228	0.349908
0.40679	0.129872	0.307073
0.314763	3.77275	0.316707
1.020542	3.780922	0.397861
0.246969	0.149722	0.426348
0.12762	0.134405	0.244821
0.480473	0.065734	0.633955
0.268193	0.185523	0.293304
0.188925	0.146752	0.302015
0.10939	0.117627	0.291108
0.254416	0.153902	0.336348
1.397523	0.231587	0.293367
0.465139	0.174942	0.496545
0.252263	0.173304	0.256753
0.408363	0.288689	0.263987
0.349546	0.121928	0.505871
0.224885	0.138926	0.311405
0.434819	0.147785	0.328641
0.436586	0.184801	3.004204
0.40224	0.1592	2.994583
0.228501	0.108641	0.122402
0.242609	0.284707	0.570582
0.284766	0.085787	0.346312
0.234149	0.156853	1.441084
0.404581	0.070885	0.293986
0.250133	0.233982	0.509228
0.296085	0.222543	0.374652
0.189272	0.192915	0.351174
0.108702	0.165351	0.406976
0.073036	0.208654	0.465396
0.366169	0.242652	0.438728
0.302946	0.277245	0.310445
0.237023	0.195047	0.179942
0.918131	0.134629	0.348226
0.518156	0.185445	0.424819
0.314785	0.174081	0.371348
0.994498	0.123862	0.354202
0.134386	0.107146	0.201116
0.264083	0.108653	0.294527
0.16483	0.108746	0.567945
0.218337	0.077765	0.571392
0.21102	0.109836	0.575514
0.389887	0.072182	0.439708
0.233285	0.013986	0.236513
0.232153	0.444223	0.507339
0.150557	0.078984	0.579251
0.377201	0.08838	0.422721
0.534393	0.233537	0.20699
0.352553	0.150985	0.61419
0.419342	0.092683	0.241274
0.199122	0.213428	0.301155
0.261933	0.141745	0.764698
0.350987	0.179538	0.794576
0.370047	0.145788	0.33763
0.283109	0.216763	1.769612
0.294627	0.073032	2.088586
0.305365	0.13296	0.432758
0.193483	0.300648	0.500769
0.510322	0.085583	0.95334
0.468792	0.121542	0.342595
0.274548	0.112693	0.369716
0.30671	0.144954	0.329983
0.332196	0.120636	0.294113
0.288142	0.157622	0.467163
0.112424	2.728922	0.343861
0.80905	1.826995	0.377456
0.187998	0.210178	0.322507
0.274121	0.100407	0.413393
0	0.259421	0.341321
0.216905	0.295063	0.248367
0.600633	0.069687	0.026239
0.428413	0.237511	0
0.163493	0.353593	0.497743
0.231771	0.161693	0.499293
0.128913	0.222296	0.314993
0.179304	0.112251	0.436775
0.057058	0.055911	0.585904
0.246748	0.175263	0.27657
0.28912	0.152175	0.575586
0.144129	0.026763	0.435997
0.446397	0.032317	0.784319
0.209714	0.171852	0.218341
0.471013	0.132704	0.189357
0.490393	0.249582	0.323538
0.286788	0.071123	0.515939
0.249371	0.114412	0.249536
0.304887	0.148241	0.19938
0.320483	0.079744	0.243063
0.15014	0.09789	0.345532
0.294371	0.15666	0.379877
0.112249	0.167645	0.482914
0.66783	0.098599	0.750414
1.807266	0.141142	0.195396
0.525973	0.247518	0.228683
0.195081	0.020892	0.426042
0.277729	0.071922	0.351784
0.23698	0.171421	0.320897
0.237478	0.173401	0.337563
0.390545	0.086857	0.516678
0.318224	0.028938	0.40322
0.366911	0.052234	0.367489
0.282784	0.251282	0.69503
0.193197	0.1936	0.459378
0.25728	0.155165	0.52874
0.242803	0.186162	0.425518
0.171858	0.279946	0.488838
0.465097	0.137563	1.753406
0.267301	0.126792	3.86531
0.194694	0.130107	0.240141
0.269129	0.107617	0.735056
0.524873	0.114387	0.189929
0.60722	0.313678	0.254046
0.716772	0.156596	0.2433
0.25736	0.184026	0.367853
0.374439	0.196122	0.361975
0.260304	0.154849	0.31804
0.084779	0.364424	0.562046
0.163853	0.21649	0.893511
0.41721	0.243047	0.440187
0.446625	0.20742	0.209992
0.590278	0.392066	0.60611
0.142501	0.549521	0.328223
0.606734	0.116671	0.339249
0.724693	0.169329	0.70102
0.359982	0.234925	0.258819
0.2401	0.164358	0.729733
0.24073	0.266686	0.543568
0.472909	0.116292	0.117657
0.312411	0.275955	0.390671
0.180288	0.049404	0.700364
0.114803	0.092553	1.580273
0.092542	0.229536	1.77455
0.3798	0.152906	0.327395
0.191197	0.327647	0.16858
0.192324	0.125756	0.441518
0.267537	0.120418	0.430287
0.25013	0.142101	0.417401
0.334343	0.124523	0.296838
0.308157	0.11065	0.38231
0.408253	0.457982	0.298725
0.346323	0.115056	0.419693
0.089709	0.076106	0.31537
0.318942	0.164391	0.433697
0.361644	0.188671	0.450875
0.384265	0.249496	0.423248
0.219923	0.198463	0.531737
0.286277	0.220623	0.872944
0.344383	0.14902	0.374395
0.37449	0.20633	0.334663
0.129978	0.09127	0.442625
0.396852	0.10876	0.281324
0.436612	0.153783	0.837032
0.309929	0.37787	0.628329
0.305213	0.112641	0.273698
0.227426	0.063607	0.456352
0.350889	0.198636	0.242801
0.316576	0.093676	0.371558
0.248089	0.184128	0.339833
0.589709	0.185714	0.319499
0.490325	2.823598	1.782485
0.478156	2.785073	1.382905
0.341564	0.136843	0.297199
0.39045	0.074655	0.578719
0.292999	0.025256	0.400792
0.652633	0.055723	0.5147
0.440917	0.228628	0.236746
0.286882	0.184452	0.293859
0.529339	0.152983	0.51511
0.582111	0.085884	0.495738
0.130824	0.105349	0.336821
0.335925	0.210339	0.403017
0.432571	0.037081	0.326426
0.517304	0.179753	0.307661
0.504916	0.150504	0.351874
0.548774	0.112134	0.413942
0.085435	0.097056	0.171901
0.286314	0.213053	0.22654
0.227782	0.063684	0.406453
0.287377	0.146189	0.338647
0.208738	0.07364	0.411936
0.147102	0.163806	0.370779
0.131312	0.067688	0.289736
0.387127	0.177276	0.416248
0.310548	0.153705	0.485405
0.376029	0.285453	0.350797
0.294793	0.12742	0.296473
0.182501	0.216047	0.345157
0.370055	0.186787	0.257302
0.479336	0.985352	0.319715
0.306833	0.314	0.202301
0.207759	0.170577	0.217062
0.229998	0.154652	0.404495
0.417466	0.264768	0.334411
0.225208	0.206109	2.601256
0.467478	0.050908	2.369446
0.273524	0.083811	2.286687
0.278817	0.044831	0.269331
0.46647	0.128098	0.216475
0.976994	0.174024	0.475392
0.328422	0.432995	0.434251
0.344989	0.218373	0.41944
0.348013	0.05918	0.547232
0.194135	0.178679	0.426702
0.384094	0.274663	0.25528
0.288512	0.096778	0.213272
0.61275	0.148564	0.18983
0.357527	0.279376	0.571328
0.34872	0.360396	0.33589
0.25428	0.1645	0.403827
1.168089	0.140151	0.495487
0.148152	0.280097	0.279826
0.391748	0.11535	0.244655
0.227548	0.156003	0.164598
0.214969	0.2136	0.634166
0.460637	0.092436	0.358954
0.326334	0.227596	0.247023
0.14696	0.18473	0.349275
0.812599	0.104101	0.40858
0.769086	0.220623	0.592381
0.294547	0.129553	0.189513
0.466635	0.126453	0.397756
0.455774	0.163063	0.368486
0.521517	0.032271	0.356405
0.828631	0.143982	0.295786
0.246754	0.066925	0.365882
0.169931	0.143418	0.284192
0.279251	0.141854	0.472946
0.246822	0.236652	0.424555
0.567371	0.122025	0.278607
0	1.234256	0.269637
0.326752	2.6783	0.259318
0.365142	0.308227	0.433869
0.610723	0.178159	0.621413
0.343283	0.08672	0.348032
0	0.16281	0.280319
0.113604	0.159049	0.332734
0.379687	0.1926	0.348548
0.152829	0.193357	0.157382
0.265275	0.042459	0.138179
0.386196	0.030786	0.363895
0.295841	0.224015	0.449724
0.565184	0.125875	0.546754
0.501339	0.082066	0.611175
0.200511	0.498269	0.296703
0.40608	0.068231	0.247106
0.309945	0.12788	0.324704
0.392079	0.138684	0.398516
0.246127	0.17085	0.285555
0.261898	0.105039	0.411778
0.308442	0.183343	0.454881
0.428545	0.140662	0.553045
0.244771	0.172648	0.268374
0.382956	0.03193	0.346237
0.422565	0.085495	0.588607
0.408677	0.217759	0.289985
0.312551	0.146941	0.453998
0.243866	0.67709	0.261609
0.23025	0.178346	0.228554
2.152976	2.021151	0.785491
0.478749	3.781591	0.738218
0.228076	2.579263	0.94874
0.345756	3.779653	0.50162
0.455033	0.26634	0.520234
0.213713	0.162541	0.422162
0.188302	0.172085	0.793781
0	0.147102	0.223373
0.381217	0.21619	0.305209
0.219325	0.148245	0.427823
0.268236	0	0.447053
0.294835	0.364639	0.447881
0.41395	0.109506	0.410578
0.221851	0.129875	0.241285
0.329385	0.261443	0.304855
0	0.255986	0.425343
0.408014	0.088575	0.540629
0.470213	0.177016	0.397285
0.308862	0.243763	0.300955
0.288478	0.108244	0.57014
0.33257	0.105596	0.638602
0.260766	0.161778	0.331647
0.326344	0.285052	0.315987
0.437554	0.163825	0.492239
2.999659	0.313507	0.927613
0.619821	0.119107	0.513947
0.248486	0.075155	0.537366
0.337662	0.06754	0.276421
0.419842	0.203113	0.514705
0.456251	0.16026	0.406172
0.420342	0.195918	0.350362
0.13267	0.201411	0.223719
0.431644	0.078738	0.203282
0.141345	0.204074	0.500508
0.471814	0.296493	0.239346
0.200541	0.141204	0.302217
0.375242	0.127291	0.406171
0.286862	0.089682	0.254097
0.308454	0.209508	0.41257
0.656741	0.211333	0.230734
0.319657	0.085691	0.586736
0.262787	0.06391	0.12986
0.280347	0.140097	0.447766
0.329361	0.266388	0.274066
0.36592	0	0.390294
0.312546	0	0.287231
0.265325	0	0.312083
0.318136	2.343697	0.213995
0.222714	0.061258	0.300494
0.16376	0.054551	0.492259
0.433378	0.2531	0.261217
0.324896	0.249153	0.357081
0.340008	0.117611	0.325059
0.366853	0.346492	0.454787
0.563863	3.259316	0.330322
0.36506	2.61268	0.15195
0.469445	0.146583	0.392783
0.434603	0.129827	0.305264
0.086413	0.075865	0.442946
0.314142	0.204686	0.309082
0.147301	0.089254	0.200639
0.317582	0.037759	0.341411
0.331546	0.308506	0.186879
0.468511	0.163941	0.827151
0.293349	0.201852	0.218677
0.339963	0.220679	0.405578
0.316462	0.151385	0.527677
0.077223	0.051032	0.569176
0.365933	0.289575	0.528076
0.50991	0.91719	0.422964
0.394607	0.390848	0.316274
0.330804	0.91719	0.310411
0.159527	99	0.391186
0.198832	0	0.457686
0.282285	99	0.338481
0.885421	0.0836	1.107648
0.258385	0.149847	0.438547
0.142997	0.079302	0.400219
0.378978	0.050692	0.36212
0.35646	0.267853	0.365252
0.346872	0.139013	0.244187
0.412542	0.114328	0.250865
0.238077	0.10424	0.391688
0.259869	0.220724	0.41111
0.209491	0.116185	0.470399
0.118516	0.154698	0.69943
0.34686	0.197104	0.410232
0.56844	0.261735	0.210036
0.540807	0.22208	0.280255
0.534822	0.138751	0.487943
0.192476	0.27009	0.244744
0.252814	0.282182	0.41733
0.492574	0.209823	1.849647
0.214473	0.24904	0.580723
0.198088	0.074804	0.232557
0.402049	0.085277	0.295333
0.288221	0.294545	0.305402
0.347206	0.140516	0.237232
0.411504	0.132889	0.474854
0.394068	0.218022	0.180359
0.087994	0.128786	0.330156
0.214569	0.203014	0.342543
0.35346	0.193835	0.35328
0.351841	0.308143	0.377379
0.302054	0.371952	0.221408
0.434283	0.177582	0.516269
0.408457	0.157069	0.356196
0.375099	0.135848	0.318302
0.318255	0.112565	0.646132
0.296739	0.065774	0.431328
0.384522	0.117276	0.337082
0.483892	0.147749	0.2465
0.414419	0.043772	0.157386
0.173419	0.086755	0.34584
0.311212	0.108934	0.428094
0.400285	0.131866	0.79715
0.440573	0.102676	0.45681
0.693199	0.258611	0.486072
0.357685	0.160302	1.375004
0.596861	0.078102	0.480767
0.265854	0.081244	0.487586
0.293617	0.280668	0.391708
0.172991	0.200483	0.436207
0.392117	0.089482	0.306796
0.316447	0.153023	0.293521
0.565768	2.117774	0.436362
0.248	0.185986	0.222203
0.633821	0.228031	0.414966
0.661979	0.132784	0.537711
0.379413	0.091255	0.252834
0.264506	0.035906	0.715321
0.304778	0.155043	0.494511
0.250961	0.100889	0.337918
0.193015	0.442396	0.245343
0.158388	0.193745	0.352006
0.373402	0.140649	0.228471
0.282952	0.167751	0.3199
0.141537	0.16082	0.564476
0.18022	0.226974	0.494372
0.348822	0.183562	0.610616
0.164371	0	0.221486
0.384173	0.097114	0.582596
1.056928	0.130157	1.592431
0.365598	0.148922	1.216287
0.215166	0.139166	0.449329
0.401894	0.123239	0.446799
0.342185	0.140119	0.220509
0.204911	0.254086	0.220334
0.249838	2.332797	0.28797
0.310633	0.135374	0.379596
0.165493	6.197321	0.336928
0.276654	0.05303	0.166119
0.123827	0.188	0.361149
0.469713	0.232719	0.298019
0.288027	0.121536	0.370778
0.20645	0.126041	0.178648
0.168612	0.050334	0.526591
0.680489	0.146033	0.727788
0.137141	0.271361	0.260089
0.218822	0.27375	0.613906
0.392043	0.049624	0.20239
0.424754	0.299049	0.255722
0.334214	0.139963	0.215495
0.174367	2.740259	0.485475
0.253977	0.160283	0.540122
0.494461	3.335339	0.338569
0.315392	0.152093	0.233045
0.433313	0.201762	0.502426
0.711405	0.19961	0.230425
0.188431	0.128231	0.511532
0.231716	0.260636	0.277028
0.411648	0.297017	0.464096
0.465551	0.050491	0.252113
1.122115	0.19667	0.371627
0.416938	0.271511	0.363962
0.337401	0.17463	0.258939
0.156915	0.222467	0.291486
0.320196	0.191493	0.423524
0.37004	0.072791	0.291566
0.48095	0.098302	0.271887
0.250414	0.129499	0.418041
0.205772	0.233692	0.2999
0.502438	0.171714	0.627531
0.475722	0.219264	0.374807
0.182252	0.255094	0.301741
0.245415	0.139442	0.421574
0.453072	0.112645	0.244255
0.399269	0.297027	0.258227
0.263238	0.106346	0.403084
0	0.163394	0.367372
0.127521	0.193338	0.37004
0.365379	0.495151	0.401225
0.272847	0.193338	0.389122
0.443188	0.398652	0.294784
0.739155	0	0.338602
0.931207	0.398652	0.334199
0.247314	0.136962	0.399821
1.545214	0.084541	0.442841
1.144396	0.085118	0.386883
1.843927	0.114867	0.384409
0.940235	0.248792	0.478666
0.461888	0.096726	0.259941
1.188583	0.16618	0.375086
0.292288	0.074351	0.343889
0.302115	0.088146	0.37507
0.364124	0.093516	0.251744
0.164006	0.301436	0.492009
0.306527	0.274374	0.464442
0.281406	0.252319	0.405983
0.465933	0.108271	0.356575
0.212858	0.203886	0.300077
0.432014	0.178141	0.592578
0.697998	0.12693	0.391886
0.338695	0.228182	0.551938
0.347754	0.139607	0.432234
0.253429	0.21682	0.498526
0.065065	0.106542	0.365685
0.268943	0.040342	0.391
0.194464	0.056346	0.59672
0.508483	0.085842	0.221815
0.496988	0.066206	0.557016
0.1497	0.29187	0.360152
0.291295	0.160602	0.505765
0.250831	0.101718	0.292081
0.651209	0.149544	0.352025
0.359156	0.19559	0.387535
0.095543	0.124651	0.985094
0.257614	0.047034	0.69239
0.223237	0.131791	0.153841
0.571325	0.172424	0.382244
0.46388	0.155847	0.269115
0.257075	0.178768	0.182562
0.279167	0.150466	0.217004
0.162216	0.136772	0.610048
0.233083	1.363631	0.316955
0.291529	2.038534	0.51155
0.421418	1.323135	0.646557
0.552642	1.411775	2.376091
0.344307	1.398661	0
0.305496	0.242319	1.251937
0.257066	0.185615	0.935142
0.360152	0.125008	0.425543
0.407938	0.356212	0.675963
0.594378	0.199292	0.276062
0.453062	0.084662	0.311074
0.321304	0.189924	0.415001
0.285098	0.090286	0.591369
0.481603	0.341397	0.723731
0.495234	1.787602	0.271311
0	0	0.225172
0.45129	0.643944	0.41665
0.389849	0.639117	0.261626
0.360679	0	0.265934
0.255019	0.115933	0.435937
0.395978	0.099352	0.49569
0.403226	0.172833	0.369754
0.534084	0.173516	0.521926
0.330944	0.175788	0.768326
0.593918	0.150545	0.356442
0.572416	0.082671	0.182534
0.563185	0.103505	0.329807
0.622009	0.217174	0.276887
0.450803	0.162893	0.392965
0.319279	0.127105	0.446963
0.716704	5.953164	0.328807
0.263029	0.184179	1.4097
0.302115	0.137108	0.387748
0.250457	0.18416	0.62785
0.264645	0.103531	0.221134
0.110059	0.116842	0.295429
0.525293	0.229693	0.545835
0.309015	0.150183	0.356099
0.375169	0.106388	0.356928
0.111865	0.186952	0.356319
0.713736	0.059733	0.261464
0.758888	0.1154	0.423353
0.129405	0.270021	0.240434
0.342516	0.065152	0.179601
0.351956	2.191241	0.381488
0.279666	0.176609	0.221583
0.30708	0.036709	0.448228
0.259091	0.15124	0.861173
0.299179	0.126985	0.485392
0.381386	0.27233	0.337093
0.682521	0.262467	0.258339
0.376268	0.112038	0.290259
3.601841	0.235958	0.297473
3.603377	0.087229	1.645442
3.606467	0.206975	1.018219
3.607994	0.170677	0.753863
0.165759	0.141755	0.358695
0.425597	0.016182	0.44107
0.426747	0.261556	0.364982
0.264878	0.277894	0.28145
0.037072	0.174651	0.332204
0.224665	0.162631	0.450499
0.189358	0.119574	0.28352
0.257741	0.04762	0.192942
0.481647	0.075538	0.260902
0.374887	0.139661	0.462581
0.361368	0.112475	0.525761
0.236976	1.244013	0.938908
0.290413	1.157564	0.527509
0.445198	0.836903	0.590098
1.199862	0.161375	0.660546
0.367043	0.260344	0.226516
0.500366	0.101925	0.247212
0.349121	0.081497	0.255079
0.256473	0.074174	0.502495
0.368881	0.150683	0.507509
0.326111	0.102924	0.511498
0.251284	0.175929	0.353009
0.267147	0.250394	0.582432
0.28111	0.264247	0.32156
0.282791	0.159644	0.251334
0.382403	0.08064	0.261287
0.47456	0.093295	0.391786
0.616591	0.123612	0.27912
0.356639	0.093602	0.430851
0.186584	0.136026	0.226564
0.561802	0.119422	0.308609
0.257985	0.214713	0.341982
0.235552	0.268718	0.479927
0.372036	0.160512	0.375392
0.090024	0.117132	0.355329
0.317285	0.0831	0.481754
0.421667	0.188929	0.16067
0.314935	0.378158	0.227686
0.430301	0.200025	0.295979
0.369507	0.203585	0
0.345778	0.16861	0.369032
0.279134	0.120918	0.369032
1.572116	0.116481	0.053048
0.280056	0.144227	0.929435
0.366474	0.217261	0.705575
0.606996	0.19485	2.801353
0.440572	0.221938	0.871064
0.171621	0.152375	0.092534
0.422157	0.254521	0.38801
0.25568	2.458543	0.276378
0.375131	0.086563	0.47484
0.660669	0.147013	0.174717
0.341454	0.101809	0.381802
0.297765	0	0.698814
0.330878	0	0.420286
0.312012	0.161524	0.182571
0.401145	0.207323	0.464871
0.260919	0.062906	0.520213
0.452488	0.212418	0.406388
0.2835	0.258639	0.420518
0.39777	0	0.313437
0.261548	0	0.383257
0.562737	0	0.347449
0.668038	0.053725	0.546146
0.185166	0	0.364366
0.34694	0.15985	0.275599
0.352885	0.167074	0.860172
0.252894	0.098752	0.612178
0.444094	0.124655	0.336624
0.181885	1.319403	0.267647
0.310697	99	0.167824
0.25556	1.661633	0.355374
0.396774	0	0.735644
0.343386	2.043615	0.247166
0.325506	1.390659	0.335033
0.694407	0.474797	0.261018
0.139076	0.49336	0.38928
0.418011	0.098774	0.270015
0.361181	0.055718	2.569824
0.034117	0.242428	0.303347
0.244864	0.242642	0.229374
0.282764	0.187584	0.799512
0.184349	0.098901	0.283606
0.256618	0.178625	0.20233
0.348864	0.167967	0.331392
0.177038	0.195582	0.246506
0.302538	0.141741	0.357687
0.525461	0.131084	0.127203
0.355354	0.107884	0.447958
0.392756	0.157536	0.409806
0.19032	0.33791	0.525056
0.313176	0.125899	0.428025
0.305937	0.294122	0.535029
0.6179	0.142443	0.274647
0.260962	0.522903	0.440581
0.277552	1.42353	0.325048
0.26984	1.390312	0.33857
0.166488	0.450904	0.202308
0.150624	0.183373	0.607202
0.284654	0.103576	0.635368
0.307631	0.057752	0.292545
0.20628	0.131211	0.621314
0.232122	0.122635	0.374086
0.510089	0.069617	0.275623
0.293381	0.221159	0.633405
0.396004	0.150485	0.305515
0.309249	0.074124	0.469034
0	0.057936	0.32764
0.434149	0.031307	0.491212
0.482147	0.237745	0.392346
0.09635	0.355437	0.86397
0.33655	0.250658	0.417537
0.396916	0.167648	0.427798
0.331933	0.101859	0.513476
0.41135	0.268668	0.29702
0.349406	0.303322	0.266032
0.313629	0	0.273447
0.432646	0.303322	0.608685
0.132557	0.149721	0.446754
0.323228	0.101794	0.26812
0.357216	0.230554	0.374533
0.34408	0.314352	0.261411
0.086872	0.129638	0.22073
0.256682	0.055615	0.189905
0.420946	0.104348	0.274828
0.341657	0.048892	0.280332
0.238459	0.230151	0.227195
0.312315	0.298535	0.363944
0.23892	0.132575	0.304487
0.194182	0.214567	0.400873
0.47974	0.110647	0.468881
0.206581	0.183642	0.33468
0.136904	0.333367	0.759801
0.23277	0.157807	0.310523
0.395013	0.206422	0.683784
0.309823	0.076907	0.352366
0.20585	0.238388	0.512925
0.150963	0.080928	0.332556
0.105576	0.197688	0.269563
0.309259	0.1519	0.393183
0.302767	0.120074	0.114881
0.812475	0.074352	0.403493
1.6501	0.254475	0.227832
0.387718	0.234661	3.364352
0.875543	0.185299	1.717983
0.526467	0.256854	0.431761
0.349606	0.140002	1.203566
0.414738	0.124001	0.564361
0.487597	0.188735	0.599942
0.861707	0.102224	0.285404
0.864986	0.034799	0.364995
0.584206	0.109923	0.560758
0.133781	0.173038	0.350725
0.032275	0.192154	0.266822
0.361411	0.110821	0.341967
0.208178	0.242483	0.365869
0.254613	0.087572	0.289973
0.230371	0.118961	0.114756
0.257359	0.118185	0.272929
0.28857	0.20347	0.349505
1.765058	0.17248	0.289389
0.240051	0.063007	0.131796
0.984567	2.698672	0.369725
0.341413	0.25524	0.325432
0.53136	0.115692	0.375818
0.411475	0.499166	0.601923
0.308866	0.110255	0.347701
0.841879	0.080093	0.272643
0.319663	0.190225	0.259082
0.287843	0	0.724119
0.273097	0.225405	0.451242
0.657015	0.072625	0.309584
0.543334	0.19246	0.496103
0.425917	0.153095	0.778445
0.234279	0.110284	0.33757
0.357323	0.241221	0.346709
0.525118	0.03251	0.312438
1.778686	0.129735	0.310758
0.353514	0.071108	0.456548
0.256888	0.102827	0.260761
0.359928	0.170254	0.385123
0.203357	0.315192	0.343037
0.282933	0.155812	1.663069
0.258971	0.152206	0.980235
0.319538	0.058778	0.94533
0.324812	0.374391	0.457071
0.267245	0.200336	0.380643
0.247699	0.095346	0.31406
0.45189	0.235501	0.32576
0.094082	0.051516	0.971552
0.210165	0.177862	0.453166
0.364635	0.141393	0.316556
0.20885	0.124131	0.162259
0.26082	0.160665	0.28729
0.504921	0.173167	0.418213
0.139596	0.139372	0.453112
0.40033	0.118332	0.217614
0.274979	0.171005	0.190021
0.322188	0.145422	0.370225
0.178442	0.18701	0.431792
0.676366	0.127917	99
0.069134	2.668936	99
0.436213	1.814771	0
0.272045	0.146962	0.18298
0.336633	0.360107	0.144941
0.411865	0.266138	0.36705
0.360867	0.193001	0.663863
0.173536	0.183487	0.401728
0.353768	0.023312	0.435576
0.344575	0.146711	0.353269
0.303869	0.15633	0.299641
0.367977	0.057001	0.339664
0.152069	0.18901	0.358897
0.222912	0.138849	1.055322
0.287717	0.190613	0.51055
0.296776	0.135797	0.565216
0.183483	0.100933	0.486162
0.355535	0.472915	0.522361
0.363091	0.188692	0.379346
0.253384	0.343683	0.112278
0.345607	0.243665	0.30597
0.234916	0.136607	0.111306
0.423049	0.152912	0.340258
0.391563	0.121199	0.315018
0.136127	0.255863	0.246815
0.993244	0.103483	0.209253
0.407918	0.159446	0.294858
0.668009	0.106659	0.476586
0.635087	0.231828	0.615613
0.213929	0.223368	0.371931
0.315827	0.186051	0.345127
1.047868	0.152624	0.328767
0	3.212612	0.333415
0.903137	0.274024	0.384711
0.190604	0.124804	0.403059
0.158518	0.117269	0.634687
0.203151	0.06449	0.302237
0.278935	0.149326	0.23171
0.276296	1.312164	0.303709
0.280906	0.06752	0.265917
0.290444	0.09718	0.538723
0.191084	0.117517	0.714828
0.216948	0.09662	0.450956
0.288513	0.224553	0.372699
0.033189	0.195835	0.278775
0.277727	0.161651	0.451136
0.294543	0.02586	0.330169
0.460691	0.165319	0.42519
0.285664	0.115265	0.291402
0.362919	0.14762	0.717322
0.094254	0.241277	0.345207
0.172476	0.210223	0.364238
0.233999	0.139737	0.220672
0.178656	0.242193	0.267083
0.196484	0.112097	0.292027
0.255117	0.156361	0.680561
0.188514	0.140028	0.298357
0.317534	0.157873	0.476715
0.08638	0.194207	0.25339
0.224117	0.548644	0.569551
0.315395	0.093296	0.365387
0.143023	0.015501	0.239297
0.328288	0.112646	0.222516
0.226586	0.122765	0.250084
0.478149	0.114223	0.47121
0.11897	0.080341	0.481798
0.2684	0.220539	0.324327
0.36706	0.088828	0.30248
0.632547	0.233894	0.644918
1.141431	0.175521	0.381109
0.327666	0.211004	0.475241
0.086211	0.145488	0
0.219493	0.360356	0.374746
0.212201	2.885467	0.508524
0.481388	2.87774	0.255924
0.219736	0.069272	0.455445
0.522362	0.033501	0.430153
0.335058	0.05484	0.169519
0.211928	0.085529	0.379924
0.278902	0	0.567242
0.515462	0.16024	0.421702
0.358831	0.184451	0.289338
0.317966	0.243494	0.247183
0.358876	0	0.235875
0.542761	0	0.465813
0.220083	0	0.387757
0.198998	0.14863	0.514572
0.319701	0.140861	0.336439
0.566907	0.132264	0.326663
0.270247	0.145295	0.264551
0.449261	0.14882	0.566578
0.56093	0.100882	0.435625
0.43035	0.093044	0.38166
0.362422	3.709884	0.681707
0.484024	0.2459	0.447869
2.916029	0.104517	0.549121
2.924721	0.132717	0.367098
0.35436	0.238533	0.715906
0.607824	0.179366	0.273425
0.425533	0.13093	0.598209
0.285647	0.253048	0.938857
0.566105	0.190221	0.343396
0.263428	0.123862	0.531397
0.270876	0.107573	0.441952
0.257262	0.108755	0.258338
0.166081	0.066927	0.587211
0.273918	0.171827	0.55613
0.235299	0.154785	0.818851
0.127908	0.349044	0.40635
0.241807	0.181118	0.331015
0.146431	0.141945	0.274201
0.1604	0.1017	0.274503
0.441427	0.115258	0.729329
0.363698	0.069256	0.592068
0.404991	0.186103	0.497545
0.495101	0.043961	0.353785
0.3471	0.190222	0.37766
0.331773	0.25512	0.321199
0.110206	0.242139	1.323704
0.28145	0.097614	0.831678
0.451301	0.089905	0.289705
0.374464	0.164286	0.484601
0.289054	0.121609	0.556902
0.209458	0.250479	0.342094
0.373027	0.138901	0.281826
0.266189	0.032726	3.860752
0.510194	0.105749	1.959796
0.181537	0.257676	0.400291
0.219576	0.199402	0.578021
0.365299	0.296102	0.376515
0.258319	0.147927	0.38642
0.27633	0.166101	0.714895
0.32189	0.10156	0.439218
0.165971	0.201631	0.349972
0.474718	0.171827	0.330657
0.340958	0.19134	0.26117
0.412281	2.129825	0.271823
0.098782	0.222304	0.2798
1.74782	0.064818	0.414776
0.43071	0.160434	0.518689
0.217278	0.234075	0.372652
0.728029	0.136425	0.21926
0.346333	0.069691	0.250756
0.294831	0.151233	0.263627
0.314004	0.15531	0.140129
0.397274	0.137666	0.216394
0.2091	0.063985	0.451369
0.507102	0.025646	0.335409
0.192414	0.257981	0.333329
0.310291	0.037969	0.33137
0.216273	0.128485	0.446145
0.366764	0.150558	0.279478
0.345365	0.130844	0.651505
0.355229	0.10108	0.377378
0.256496	0.310452	0.257492
0.203	0.059968	0.399006
0.371922	0.113949	0.404221
0.313194	0.324018	0.256692
0.262488	0.136182	0.38416
0.247917	0.184635	0.336958
0.2241	0.157489	0.307888
0.186782	0.015883	0.424629
1.173169	0.134901	0.397961
0.543237	0.159964	0.346516
0.349535	0.150633	0.389077
0.518329	0.086165	0.167275
0.551631	0.147839	0.284358
0.259929	0.087522	0.41453
0.246117	0.061744	0.190458
0.361263	0.388656	0.303334
0.478114	0.21386	0.27727
0.307088	0.047316	0.612438
0.136343	0.515401	0.245182
0.18318	0.192125	0.539955
0.161529	0.113937	0.59374
0.26482	0.157165	1.824326
0.212338	0.060626	0.308693
0.433506	0.273608	0.57958
0.311888	0.246865	0.358559
0.462208	0.162391	0.291808
0.343034	0.034901	0.108961
0.297051	0.144293	0.282996
0.540226	0.336003	0.436267
0.310959	0.063643	0.362267
0.295141	0.038427	0.428726
0.324637	0.064448	0.26992
0.267746	0.116243	0.238849
0.401173	0.084629	0.13777
0.225086	0	0.378589
0.321323	0.191615	0.618969
0.463257	0.084391	0.651093
0.554767	0.154917	0.576358
0.321621	0.096635	0.451576
0.162781	0.221287	0.35233
0.427163	4.454142	0.368552
0.420659	0.177662	0.223726
0.871172	0.176074	0.132277
0.403822	1.465999	0.286989
0.319376	1.598488	0.292625
0.303599	1.82399	0.440575
0.442467	0.126181	0.389975
0.265498	0.184394	0.399909
0.380635	0.080145	0.237866
0.13562	0.188645	0.472944
0.067703	0.098606	0.757224
0.278236	0.227613	0.317108
0.224325	0.088785	0.454439
0.365605	0.191393	0.260312
0.259485	0.05841	0.185518
0.251075	0.072143	0.247597
0.296455	0.10862	0.219334
0.271191	0.037137	0.232539
0.445063	0.053337	0.310001
0.263076	0.087382	0.378334
0.204116	0.073361	0.459539
0.429987	0.140557	0.287691
0.402922	0.109991	0.546044
0.162357	0.184696	0.287206
0.512803	0.047774	0.426556
0.224611	0.051973	0.375829
0.327229	0.150107	0.841508
0.317564	0.228466	0.160533
0.795772	0.29928	0.228998
0.421319	0.1238	0.469874
0.549324	0.069319	0.402034
0.264777	0.196603	0.268454
0.352472	0.092312	0.512784
0.470477	0.281533	0.40135
0.112511	0.133308	0.681137
0.558873	0.477121	0.487431
0.26368	0.111654	0.18098
0.227174	0.28742	0.395138
0.328345	0.163429	0.966654
0.265007	1.307881	0.172856
0.10966	0.14335	0.349451
0.586302	0.178716	0.684929
0.247069	0.055648	0.74093
0.402227	0.103291	0.514824
0.239003	0.13164	0.309294
0.266492	0.200105	0.322967
0.646559	0.173324	0.702777
0.081969	0.18526	0.349517
0.235449	0.162414	0.337962
0.536712	0.165369	0.560586
0.24758	0.15319	0.304116
0.067787	0.219164	0.393488
0.371206	0.145484	0.464874
0.49932	0.123343	0.359858
0.076573	0.093096	0.270748
0.465381	0.136554	0.467805
0.08216	0.257183	0.420024
0.297697	0.028819	0.489072
0.303834	0.139136	0.383016
0.443178	0.113538	0.505233
0.4334	0.083401	0.565695
0.402897	0.091188	0.474762
1.452526	0.143531	0.278583
1.758751	0.17743	0.679723
0.351432	0.118304	0.895489
0.358262	0.08929	0.633522
0.37029	0.10907	0.098181
0.238087	0.019499	0.361887
0.133018	0.021603	0.259689
0.619241	0.375596	0.571642
0.201774	0.03557	0.261941
0.339744	0.187874	0.052734
0.456508	0.256752	0.517257
0.595633	0.043404	0.317951
0.344509	0.138075	0.510678
0.280275	0.130334	0.467629
0.371657	0.177814	0.242272
0.369516	0.149286	0.321775
0.243465	0.201719	0.8176
0.482177	0.072442	0.283985
0.540824	0.116441	0.395955
0.329023	0.204561	0.339862
0.278346	0.142976	0.299274
0.158423	0.0524	0.954961
0.342022	0.292104	0.174669
0.202637	0.051702	0.51013
0.403078	0.050586	0.122493
0.534839	0.054547	0.35747
3.900421	0.198611	0.419766
3.916225	0.185369	0.255137
0.40846	0.131762	0.405893
1.292096	0.212645	0.203505
0.46989	0.143398	0.462362
0.486027	0.158532	0.232711
0.516672	0.114126	0.393646
0.368503	0.190077	0.483696
0.150317	0	0.433007
0.423755	0.102302	0.229321
0.316297	0.200415	0.510633
0.324908	0.096677	0.340559
0.451858	0.121008	0.582737
0.259293	0.273675	0.46493
0.340001	0.121859	0.295213
0.114691	0.213488	0.018996
0.286724	0.216305	0.736462
0.260258	0.216856	0.490088
0.174594	0.288884	0.292424
0.188067	0.10633	0.319129
0.499158	0.266004	0.480105
0.343537	0.158664	0.495054
0.263503	0.138836	0.380053
0.504729	0.072765	0.199118
0.355497	0.098072	0.268395
0.25698	0	0.391756
0.285213	0.15677	0.524793
0.310707	0.219803	0.292292
0.505648	0.168554	0.650728
0.236128	0.119309	0.233084
0.329601	0.131553	0.319706
0.329888	0.086066	0.564917
0.30016	0.079401	0.284555
0.21595	0.064719	0.324935
0.215899	0.13805	0.479968
0.228451	0.152226	0.32672
0.367193	0.205105	0
0.201985	0.368511	0.975141
0.092738	0.132538	1.401276
0.458377	0.15034	0.549506
0.173821	0.216917	0.629166
0.337246	0.200604	0.277824
0.289086	0.206902	0.36481
0.46952	1.810573	0.335122
0.232671	2.835653	0.460594
0.306375	0.123044	0.302198
0.363721	0.095642	0.532952
0.342603	0.122123	0.392583
0.124841	0.253828	0.219193
0.421631	0.105298	0.274346
0.195576	0.11066	0.45345
0.147926	0.210758	0.255455
0.70273	0.076019	0.695008
0.570187	0	0.302492
0.485412	0.041106	0.521852
0.098618	0.118084	0.356123
0.04854	0.509625	0.32427
0.527843	0.377664	0.47669
0.155529	0.090813	0.526718
1.589712	0.101628	0.670847
1.584527	0.20492	0.398802
0.522026	0.226678	0.344383
0.260242	0.351753	0.331244
0.553761	0.032658	0.265442
0.28684	0.281822	0.285474
0.608303	0.11057	0.282335
0.287013	0.303048	0.271601
0.286035	0.175664	0.443752
0.321949	0.113354	0.405914
0.329493	0.327759	1.017375
0.215129	0.06499	0.609029
0.36993	0.13106	0.419025
0.351399	0.227302	0.468798
0.158141	0.148506	0.680679
0.269467	0.156718	0.547166
0.139077	0.24233	0.271595
0.3972	0.512644	0.362306
0.246307	0.130869	0.42879
0.315406	0	0.301729
0.574959	0.062361	0.383275
0.052507	0.292899	0.482876
0.141804	0.191939	0.412249
0.332088	0.188951	0.298521
0.54501	0.091203	0.300585
1.424196	0.106113	0.332115
0.369271	0.130401	0.368463
0.575074	0.271772	0.459952
0.224104	0.156829	1.897815
0.896301	2.018994	2.074749
0.205759	2.21836	0.351905
0.082741	2.910511	0.334416
0.294592	0.102914	1.487774
0.491162	1.68079	1.885741
0.29398	1.671676	1.287301
0.240792	0.365882	2.435136
0.291925	0.059926	1.301541
0.36707	0.087222	0.264393
0.290415	0.157836	0.580986
0.368959	0.139007	0.225215
0.21619	0.044697	0.584212
0.380094	0.256057	0.286031
0.210756	0.096358	0.347196
0.03976	0.338894	0.273146
0.520344	0.207736	0.318953
0.380423	0.113596	0.577965
0.069348	0.044823	0.242847
0.471307	0.123744	0.492293
0.496955	0.106543	0.126133
0.149296	0.152008	0.374131
0.421707	2.074348	0.365448
0.210792	1.625906	0.872563
0.136693	0.575232	0.5575
0.279247	0.104957	0.065956
0.237524	0.231963	0.624352
0	0.087576	0.236473
0.477386	0.175262	0.230896
0.477386	0.112673	0.170543
0.477386	0	0.185379
0.477386	0.241702	0.677292
0	0.056302	0.812983
0.344089	0.154445	0.199026
0.429124	0.12018	0.310531
0.256401	0.196122	0.885561
0.258212	0.25362	0.225034
0.077064	0.073503	2.413757
0.263469	0.150816	2.221056
0.228154	0.183813	0.361007
0.417756	0.211556	0.286353
0.435099	0.160815	0.286937
0.242066	0.107669	0.298366
0.238352	0.084205	0.901533
0.408222	0.274212	0.390394
0.476677	0.311445	0.34056
0.264499	0.157841	0.443497
0.335667	0.089998	0.56213
0.308036	0.074595	0.470593
0.626688	0.125745	0.265828
0.346092	0.08201	0.39418
0.287408	1.165896	0.35217
0.209313	0.032556	0.203621
0.213296	2.111859	0.304222
0.545339	0.281912	0.484022
0.215703	0.15294	0
0.420624	0.101507	0.145895
0.216423	0.047758	0.273568
0.411506	0.183866	0.317706
0.263003	0.052126	0.289616
0.240437	0.192942	0.157348
0.37985	0.259203	0.506883
0.38749	0.185332	0.400742
0.410987	0.138616	0.279373
0.451316	0.097749	1.435122
0.249039	0.132523	1.737093
0.328989	0.07912	0.780309
0.357556	0.092984	0.16351
0.444397	0.122393	1.682057
0.353151	0.095187	0.388343
0.517047	0.217469	0.394804
0.251828	0.05719	0.39691
0.439819	0.145465	0.249569
0.298587	0.229012	0.195091
0.303282	0.150042	0.459988
0.442165	0	0.172818
0.428054	0.126495	0.232943
0.620552	0.176732	2.662308
0.380726	0.113389	2.825752
0.393189	0.188987	0.369057
0.332157	0.092129	0.984859
0.251733	0.05821	0.869594
0.351791	0.256557	0.90358
0.144939	0.164727	0.32924
0.351067	0.131485	0.451925
0.338107	0.16647	0.426201
0.396334	0.120201	0
0.472028	0.252207	0.3366
0.300189	0.105512	0.485716
0.16953	0.023475	0.426569
0.125442	0.147763	0.215509
0.250747	0.087748	0.408052
0.178671	0.169194	0.426172
0.21699	0.105159	0.140264
0.465488	0.61693	0.332803
0.377098	0.05881	0.488356
0.706694	0.24797	0.241234
0.160185	0.236804	2.176583
0.505966	0.623245	0.400026
0.32006	0.21185	0.273348
0.836638	0.150892	0.413139
0.448841	0.176885	0.33117
0.55106	0.258681	0.291551
0.419684	0.17475	0.476726
0.392512	0.132269	0.296042
0.355472	0.129782	0.555271
0.278478	0.1987	0.473621
0.336596	0.078926	0.274853
0.363134	0.110152	0.331698
0.332673	0.233057	0.306212
0.321994	0.051245	0.398831
0.473722	2.64266	0.288191
0.184632	2.861047	0.244058
0.056583	0.112058	0.461619
0.158488	0.144498	0.306185
0.532055	0.191346	0.34758
0.250672	0.206931	0.219152
0.430716	0.120728	0.223641
0.368799	0.101498	0.410286
0.501364	0.282657	0.2377
0.110886	0.155099	0.261415
0.277763	0.143318	0.443329
0.205305	0.147889	2.370312
0.370229	0.235975	0.298181
0.377375	0.082015	0.67397
0.260344	0.050422	0.337577
0.197683	0.205676	0.3925
0.305049	0.095424	0.588919
0.357935	0.1454	0.499279
0.324227	0.131987	0.362968
0.191344	0.091841	0.185898
0.173378	0.095657	0.538586
0.146733	0.193129	0.810109
0.422065	0.105024	0.529349
0.223041	0.202814	0.389457
0.179614	0.25205	0.415494
0.278768	0.236928	0.257942
0.217384	0.054508	0.512939
0.310104	0.11981	0.388948
0.718939	0.150381	0.514109
0.954412	0.198205	0.380895
0.52905	0.151093	0.52061
0.179614	0.158252	0.352325
0.32964	0.288346	0.324624
0.223761	0.105731	0.274177
0.295942	0.124073	0.309704
0.418575	0.138274	0.373514
0.266285	0.109938	0.429093
0.269351	0.108749	1.357216
0.320984	0.216016	2.218558
0.168423	0.06786	0.132274
0.246019	0.291125	0.198877
0.252583	0.039669	0.423949
0.609055	0.114473	0.268301
0.355175	0.503196	0.390868
0.693758	0.646674	0.229979
0.368533	0.082767	0.298301
0.38697	0.119685	0.033794
0.317572	0.098381	0.358542
0.36589	0.181204	0.414626
0.108341	0.170431	0.371761
0.300504	0.126056	0.373025
0.349844	0.132619	0.196523
0.201981	0.079783	0.269484
0.161155	0.097972	0.967203
0.138701	0.089283	0.448554
0.885992	0.099881	0.291086
0.395882	0.144693	0.229292
0.400087	0.281112	0.30113
0.225929	0.124464	0.164414
0.269221	0.179624	0.331669
1.056035	0.193542	0.204853
1.715578	0.192494	0.28401
2.81275	0.188935	0.421885
0.291982	0.088643	0.372111
0.120317	0.072382	0.38466
0.401022	0.180025	0.21881
0.358535	0.063604	0.323887
0.30581	0.080785	0.111393
0.384271	0.107145	0.103488
1.247748	0.051138	0.169934
0.263061	0.13966	0.267246
0.414773	1.702327	0.30401
0.225801	0.203283	0.29135
0.545629	0.097124	0.51811
0.330576	0.187904	0.324874
0.252469	0.206377	0.403834
0.448965	0.126459	0.181354
0.079341	0.183713	0.301335
0.31974	0.123007	0.369661
0.355874	0.088374	0.689552
0.921887	0.112532	0.326327
0.478896	0.180629	0.381455
0.280299	0.21319	0.300372
0.268805	0.089541	0.294103
0.602757	0.093614	0.356869
0.225186	0.239088	0.207813
0.34674	0.191339	0.469961
0.320988	0.166984	0.180183
0.379757	0.103394	0.455502
0.175071	0.133183	0.234622
0.392241	0.093027	0.44242
0.248637	0.113653	0.476987
0.533521	0.229183	0.267793
0.359676	0.268771	0.248785
0.317924	0.132389	0.294018
0.26444	0.157028	0.60438
0.319494	0.287774	0.185847
0.208816	0.216911	0.690912
0.441603	0.026299	0.31425
0.289682	0.060275	0.294707
0.507207	0.124761	0.388664
0.187453	3.411345	0.072994
0.199129	0.091502	0.409764
0.202261	0.147371	0.9258
0.333646	0.069861	0.492567
0.27363	0.048543	0.445553
0.258442	0.215558	0.553458
0.651876	0.296466	0.237736
0.373738	0.244026	0.330264
0.185914	0.112984	0.470234
0.354522	0.165314	0.563676
0.354208	0.082178	0.339999
0.555739	0.140192	0.249893
0.767902	0.131274	0.33764
0.46863	0.04145	0.282204
0.462054	0.081855	1.890995
0.301837	0.076103	0.380799
0.174008	0.21768	0.098621
0.291774	0.196595	0.284563
0.332145	0.112577	0.276101
0.215621	0.129267	0.222953
0.245308	0.213957	0.389435
0.311768	0.176535	0.346635
0.409401	0.130713	0.513819
0.143368	0.186146	0.182799
0.240008	0.16752	0.413923
0.439709	0.245765	0.320064
0.390783	0.161511	0.16468
0.42965	0.214935	0.316923
0.167339	0.23175	0.454686
0.461413	0.118341	1.804637
0.303226	0.182093	0.392103
0.300333	0.157552	0.227262
0.339758	0.2791	0.24151
0.331736	0.111541	0.331276
0.308442	0.083232	0.413266
0.300815	0.22535	0.528365
0.369099	0.13044	0.200441
0.041841	0.13416	0.459941
0.442356	0.077068	0.615455
0.45835	0.056655	0.423407
0.30055	0.066708	0.382091
0.183758	0.164824	0.381904
0.295311	0.096789	0.432384
0.110827	0.197852	0.36349
0.419573	0.126483	0.260869
0.450522	0.233319	0.50361
0.223029	0.05854	0.191162
0.327086	0.175234	0.352681
0.340857	2.277077	0.214781
0.235487	1.216499	0.398171
0.162945	1.901608	0.194688
0.323688	0.220543	0.250696
0.380842	0.170825	0.446951
0.21421	0	0.203721
0.201542	0	0.446094
0.201015	0	0.253074
=-nan	3.21114	0.195126
0	0.231101	0.214384
0.17222	0.018482	0.351256
0.263668	0.092851	0.324627
0.312435	0.451278	0.434823
0.414748	0.201542	0.636106
0.435263	0.097161	0.273669
1.857931	0.160921	0.243895
99	0.080977	0.213801
0.679092	0.228117	0.101658
0.439696	0.102291	0.399193
0.326462	0.083953	0.318121
0.077878	0.147755	0.32492
0.220823	0.133967	0.447995
0.397503	0.301461	0.582568
0.303151	0.052343	0.193578
0.231761	0.267849	0.265701
0.233125	0.271892	0.2444
0.311351	0.128098	0.343154
0.18444	0.149569	0.491895
0.353068	0.209887	0.372882
0.319819	0.119215	0.211054
0.209582	0.14541	0.396002
0.2278	0.145073	=-nan
0.569989	0.346827	1.298751
0.216756	0.044624	0.87624
0.269436	0.175883	0.43738
0.381763	0.112734	0.716434
0.228713	0.061361	0.394707
0.436893	0.12838	0.312865
0.388283	0.160102	1.160451
0.136405	0.204634	1.0402
0.300784	0.102381	0.66271
0.450654	0	0.269537
0.392351	0.10625	0.510409
0.62377	0.158922	0.512553
0.230808	0.083674	0.58514
0.389932	0.146952	0.546293
0.214701	0.061467	0.295352
0.485712	0.190342	0.359127
0.08398	0.084685	0.406438
0.370368	0.106566	0.431399
0.70942	0.344573	0.270941
0.137824	0.106396	0.316124
0.399914	0.141854	0.354136
0.276636	0.081525	0.584287
0.62606	1.866524	0.38668
0.283318	2.513267	0.317859
0.528254	0.070109	0.384597
0.611703	0.110553	0.836716
0.417443	0.059505	0.356153
0.452943	1.788634	0.50633
0.310591	1.862191	0.519562
0.448486	1.800924	0.122658
0.459705	0.31743	0.533186
0.205698	0	0.22552
0.213882	0.318108	3.060129
0.52443	0.087992	0.732556
0.046141	0.203108	0.37731
0.226241	0.170314	0.317513
0.31562	0.249776	0.462818
0.481309	0.19951	0.61889
0.319166	0.144728	0.339659
0.222018	0.100284	0.272166
0.16763	0.382602	0.641331
0.117624	0.133126	0.361608
0.228951	0.079183	0.128523
0.398971	0.071268	0.579964
0.155109	0.104901	0.245339
0.317281	0.125887	0.351215
0.745508	0.163008	0.639707
0.975525	0.113845	0.523748
0.385474	0.093521	0.451943
0.465418	0.226184	0.245782
0.416084	0.310613	0.483076
0.194283	0.864808	0.305059
0.748992	0.353276	0.272431
0.648924	0.075136	0.330974
0.239708	0.279145	0.237198
0.435995	0.132952	0.44377
0.2203	0.190421	0.202921
0.418453	0.045929	1.586488
0.142712	0.122626	0.363286
0.180873	0.292278	0.355656
0.277077	0.106827	0.3354
0.645724	0.101856	0.285961
0.270946	0.242923	0.323316
0.216076	0.186884	0.277802
0.448132	99	0.357909
0.208302	1.000034	0.42454
0.438797	2.577487	1.1531
0.254308	1.580878	0.337232
0.364451	1.070353	0.436542
0.295319	0.316044	0.348179
0.522676	2.012606	0.222274
0.228644	1.815922	0.411379
0.233779	0.27298	0.480856
0.421676	0.456604	0.182997
0.227239	0.073171	0.468835
0.620694	0.131769	0.154125
0.26175	0.15081	0.533774
0.328474	0.076445	0.292509
0.310346	1.447787	0.358321
0.206746	0.041389	0.290249
0.296522	0.287472	0.367008
0.274198	0.104435	0.504286
0.346176	0.211764	0.301617
0.502573	0.220099	0.370476
0.273604	0.193818	0.652086
0.261364	0.099529	0.429362
0.601	0.120763	0.319563
0.365116	0.114809	0.203793
0.427835	0.08414	0.533988
0.259759	0.304088	0.444271
0.248309	0.099626	0.258575
0.267538	0.088168	0.374098
0.32668	0.252218	0.171992
0.370404	0.30091	0.257943
0.318228	0.151839	0.296554
0.45408	0.118025	0.942829
0.161236	0.124161	0.422126
0.209548	0.102014	0.601564
0.248276	0.082806	0.373577
0.350041	0.12916	0.179118
0.195598	0.234402	0.306684
0.287138	2.901515	0.316673
0.474654	2.866854	0.345467
0.561054	0.168412	0.925395
0.276115	0.322031	0.366469
0.374263	0	0.325933
0.378024	0.16005	0.320603
0.402028	0.272945	0.207173
0.180343	1.916162	0.398
0.489162	1.677394	0.536041
0.468306	0.144924	0.291437
0.30033	0	0.642676
0.471531	0.168945	0.442732
0.367652	0.27109	0.255262
0.215337	0.195865	0.233172
0.133672	0.304133	0.415804
0.273057	0.205546	0.505373
0.473344	0.1685	0.505011
0.346167	0.113948	0.440347
0.364089	0.223603	0.799699
0.383332	0.213984	0.452181
0.290176	0	0.107833
0.210544	0.243783	0.391066
0.353749	0.159559	0.260182
0.159552	0.057049	0.748928
0.278286	0.238679	0.469376
0.487556	0.027279	0.47669
0.283949	0.596062	0.4256
0.324143	0.483559	0.193158
0.134591	3.214452	0.467005
0.333937	0.151177	0.25331
0.545031	0.202615	0.367681
0.279669	0.202777	0.343019
0.674692	0.477386	0.272742
0.195833	0.079642	0.279672
0.153223	0.01714	0.258681
0.311254	0.140146	0.152024
0.189135	99	0.121354
0.360475	0.108737	0.685246
0.341539	0.153139	0.210421
0.403208	0.203322	0.348999
0.390769	0.294509	0.514449
0.15469	0.078756	0.450473
1.26593	0.107404	0.287457
0.437934	3.441731	0.636984
0.537418	0.038998	0.285738
3.195812	0.114436	0.537998
3.187742	0.239939	0.516387
0.319724	0.216695	0.195517
0.086384	0.10207	0.440024
0.210767	0.171693	0.646944
0.115826	0.125362	0.334406
0.302677	0.0727	0.185249
0.408307	0	0.322245
0.287201	0	0.725217
0.278396	0	0.858436
0.04487	0.18991	0.367336
0.330191	0.191385	0.406417
0.204063	0.088342	0.275219
0.268013	0.03492	0.377208
0.269375	0.171323	0.487509
0.166447	0.08726	0.241872
0.234605	0.079579	0.795058
0.181845	0	0.963739
0.195488	0.153929	0.212334
0.244858	0.042689	0.241246
0.373392	0.120595	0.40133
0.332107	0.126676	0.373497
0.304406	0.145467	0.486266
0.22853	0.059174	0.729802
0.301331	0.134877	0.635947
0.402283	0.175751	0.464526
0.410507	0.199067	0.278786
0.034145	0.173177	0.590399
0.259447	0.227202	0.378885
0.342484	0.062872	0.623249
0.525163	0.164287	0.208457
0.301891	0.164318	0.248907
0.258638	0.128014	0.666823
0.282463	0.117235	0.11712
0.331205	0.108145	0.129884
0.230949	0.160273	0.143012
0.397259	0.168261	0.322636
2.448246	0.19021	0.448769
2.412483	0.086277	0.287289
0.334576	0.077384	0.431764
0.706059	0.220905	0.197698
0.63103	0.095535	0.196818
0.270513	0.069581	0.337702
0.345361	0.074905	0.214797
0.250926	0.127809	0.321301
0.305299	0.285517	0.424793
0.327234	0.28081	0.83794
0.138609	0.182044	0.318636
0.429475	0.195927	0.232363
0.534157	0.242498	0.441952
0.292106	0.199348	0.343251
0.447377	0.610391	0.23485
0.348572	1.676813	0.355713
0.22348	0.290844	0.418856
0.278389	0.237401	0.49678
0.08496	0.246577	0.521856
0.441281	0.041913	0.277804
0.20512	1.00292	0.444852
0.221414	0.162396	0.486334
0.334382	0.100742	0.304434
0	0.09587	0.539661
0.301822	0.249966	0.297127
0.227364	0.168397	0.347145
0.314057	0.321352	0.400679
0.316323	0.170854	0.278321
0.340607	99	0.309075
0.258657	1.300827	0.111469
0.452365	0.801606	0.272726
0.280453	0.192838	0.446794
0.463379	0.313777	0.368852
0.341508	0.177814	0.422352
0.584127	2.903834	0.242876
0.284915	0.089958	0.223113
0.462779	1.805152	0.557124
0.379442	0.140013	0.392508
0.156831	0.207151	0.31001
0.304073	0.186432	0.242143
0.332011	0.126712	0.233386
0.322326	0.11235	0.253085
0.5703	0.256087	0.664712
0.151194	0.075596	0.322384
0.414469	0.088457	0.584278
0.28145	0.148972	0.279518
0.127049	0.156431	0.375633
0.277481	0.134322	0.685995
0.316843	0.214387	0.397962
0.507102	0.06996	0.213492
0	0.088108	0.501196
0.064615	0.105254	0.391988
0.926373	0.072842	2.986258
0.458181	0.242869	3.781547
0.24368	0.100041	0.185262
0.155111	0.147534	0.145768
0.261737	0.159431	0.252192
0.214891	0.138014	0.25638
0.348176	0.199872	0.387686
0.252774	0.233345	0.13648
0.162794	0.23165	0.545201
0.421273	0.1682	0.661458
1.968317	0.168483	0.097953
3.273738	1.826742	0.313659
0.521571	0.968024	0.240749
0.276217	0.103729	0.343788
0.346743	0.074607	0.282123
0.217012	0.111285	0.424419
0.29975	0.273775	0.27635
0.32967	0.161617	0.400338
0.366814	0.106413	0.482932
0.339726	0.101547	0.314376
0.309701	0.104803	0.512236
0.199189	0.200947	0.214338
0.327216	0.130378	0.300423
0.107023	0.335144	0.268209
0.313333	0.085444	0.286374
0.287005	0	1.263063
0.744885	0.159772	0.548865
0.451638	0.059464	0.487343
0.328555	0.063851	0.36647
0.214319	0.077804	0.522344
0.35018	0.206824	0.341992
0.576558	0.121235	0.243444
0.303076	0.174064	0.707718
0.281412	0.293581	0.554202
0.363337	0.163318	0.842759
0.313648	0.096724	0.446188
0.267405	0.106931	0.206308
0.130465	0.568747	0.260246
0.221608	0.278163	0.32141
0.262692	0.048668	0.539525
0.277945	0.234971	0.375822
	1.910637	0.218246
	1.931733	0.277075
	0	0.379865
	0	0.387864
	0.214353	0.68602
	0.11911	0.683265
	0.136417	0.615444
	0.079313	0.648736
	0.203335	0.41128
	0	
	0.108827	
	0.192991	
	0.058282	
	0.099312	
	0.108439	
	0.044915	
	0.084504	
	0.026012	
	0.14512	
	0.251132	
	0.387567	
	1.503132	
	1.597456	
	0.251453	
	0.173754	
	0.115354	
	0.101274	
	0.19692	
	0.113252	
	0.172082	
	0.081877	
	0.102531	
	0.057996	
	0.138563	
	0.151575	
	0.141163	
	0.083062	
	0.109463	
	0.227638	
	0.169619	
	0.210276	
	0.136488	
	0.248534	
	0.08764	
	0.142895	
	0.077899	
	0.136347	
	0.116352	
	0.06923	
	0.069094	
	0.299529	
	0.055759	
	0.137131	
	0.188571	
	0.128675	
	0.129617	
	0.038682	
	0.21236	
	0.131901	
	0.088541	
	1.638376	
	0.149371	
	0.166574	
	0.179274	
	2.04939	
	0.078053	
	2.092005	
	0.061227	
	0.888312	
	0.735902	
	0.035472	
	0.038961	
	0.075976	
	0.173556	
	0.045025	
	0.085051	
	0.155418	
	0.067328	
	0.191533	
	0.155953	
	0.092586	
	0.101644	
	0.07927	
	0.093196	
	0.221702	
	0.261417	
	0.152723	
	0.198735	
	0.099259	
	0.10824	
	0.06485	
	0.223466	
	0.162197	
	0.117323	
	0.190121	
	0.171953	
	0.086856	
	0.11415	
	0.170186	
	0.104488	
	0.198573	
	0.21183	
	0.144787	
	0.104879	
	0	
	1.212577	
	0.02043	
	0.322392	
	0.028269	
	0.020919	
	0.338566	
	0	
	0	
	0	
	0.135717	
	0.090292	
	0.100063	
	0.089273	
	0.102857	
	0.147511	
	2.736328	
	0.153807	
	0.191041	
	0.17196	
	0.217607	
	0.261668	
	0.165971	
	0.134933	
	0.19317	
	0.361026	
	0.148999	
	0.363457	
	0.161472	
	0.123475	
	0.217407	
	0.139922	
	1.557711	
	2.877755	
	0.084221	
	0.19884	
	0.158255	
	0.138918	
	0.124874	
	0.138756	
	0.1293	
	0.471248	
	0.168113	
	0.08889	
	0.152303	
	0.086689	
	0.150166	
	0.203791	
	0.142254	
	0.055179	
	0.155752	
	0.2019	
	0.162837	
	0.177871	
	0.08989	
	0.406588	
	2.856473	
	2.892961	
	0.248509	
	0.086791	
	0.136936	
	0.095423	
	0.069753	
	0.199978	
	0.144776	
	0.203473	
	0.151054	
	0.138355	
	0.092917	
	0.108989	
	0.040122	
	0.10861	
	0.160291	
	0.14007	
	0.042338	
	0.263352	
	0.163141	
	0.206888	
	0.276908	
	0.05568	
	0.267879	
	0.141811	
	0.074785	
	0.087247	
	0.369638	
	0.164815	
	1.205679	
	0.15626	
	0.230342	
	0.072592	
	0.131321	
	0.108854	
	0.162086	
	0.134914	
	0.162187	
	0.081234	
	0.180432	
	0.286504	
	0.088197	
	0.110645	
	0.154565	
	0.086654	
	0.108083	
	0.22423	
	0.116351	
	0.166132	
	0.029529	
	0.146616	
	0	
	0	
	0.100482	
	1.591768	
	0.100482	
	1.591768	
	1.163076	
	0.236329	
	0.119726	
	0.194211	
	0.160741	
	0.075117	
	0.11208	
	0.135573	
	0.041697	
	0.178559	
	0.239148	
	0.087816	
	0.195153	
	0.058536	
	0.114824	
	0.110868	
	0.149845	
	0.231937	
	0.251361	
	0	
	0.880671	
	0.586196	
	0.880671	
	0.586196	
	0.043845	
	0.131299	
	0.174569	
	0.094477	
	2.628997	
	2.050288	
	0.070028	
	0.161421	
	0.167166	
	0.082895	
	0.261686	
	0.243879	
	0.088014	
	0.059214	
	0.224591	
	0.097187	
	0.074447	
	0.137734	
	0.121327	
	0.146543	
	0.034735	
	0.20948	
	0.1434	
	0.330755	
	0.019186	
	0.21046	
	0.147159	
	0.198762	
	0.133801	
	0.263031	
	0.030482	
	0.138764	
	0.062805	
	0.079012	
	2.596398	
	2.781945	
	0.177521	
	0.183415	
	0.108667	
	0.133238	
	0.087843	
	0.077188	
	0.184385	
	0.199504	
	0.047557	
	0.359935	
	0.303834	
	0.072903	
	0.205449	
	3.856328	
	3.861333	
	0.156588	
	0.277973	
	0.067755	
	0.087959	
	0	
	0.152423	
	0.116111	
	0.152538	
	0.075842	
	0.044786	
	0.183031	
	0.115307	
	0.138409	
	0.113684	
	0.063139	
	0.036628	
	0.081746	
	2.128034	
	1.769516	
	0.035893	
	0.221914	
	0.090245	
	0.109014	
	0.031033	
	0.169926	
	0.195451	
	0.264418	
	0.246172	
	0.135366	
	0.140864	
	0.141196	
	0.03471	
	0.216272	
	0.091703	
	0.217125	
	0.056985	
	0.13099	
	0.253898	
	0.06133	
	0.096565	
	2.378165	
	2.420568	
	0.133027	
	0.094937	
	0.137395	
	0.545566	
	0.060927	
	0.135215	
	0.137759	
	0.096758	
	0.254477	
	0.164393	
	0.073029	
	0.126268	
	0.381836	
	0.166136	
	0.236593	
	0.26426	
	0.17228	
	0.170682	
	0.183172	
	99	
	1.789035	
	2.316821	
	2.315455	
	2.458318	
	1.547536	
	2.330701	
	1.858871	
	1.491199	
	2.280764	
	0	
	99	
	99	
	0.303182	
	0.124198	
	0.385058	
	0.090587	
	0.188416	
	0.108777	
	0.119995	
	0.186539	
	0.188518	
	0.140695	
	0.081302	
	0.156482	
	0.156423	
	0.078161	
	0.071524	
	0.114723	
	0.169767	
	0.165156	
	1.628921	
	0.145573	
	0.079092	
	0.165341	
	0.132959	
	0.183741	
	0.118944	
	0	
	0.070499	
	0.080686	
	0.160928	
	0.059305	
	0.039904	
	0.08613	
	0.099739	
	0.091179	
	0.06866	
	0	
	0.100413	
	0.145183	
	0.052023	
	0.135422	
	0.104724	
	0.201148	
	3.454721	
	2.997624	
	3.156497	
	2.652468	
	0.073074	
	0.131974	
	0.071621	
	0.0926	
	0.114904	
	0.147799	
	1.524631	
	1.640351	
	1.151538	
	0	
	1.817442	
	1.826751	
	0.094166	
	0.188368	
	0.205433	
	0.141234	
	0.199689	
	0.161532	
	0.189357	
	0.238524	
	0.169425	
	0.070482	
	0.328802	
	0.168338	
	0.071543	
	0	
	0.056924	
	0.119377	
	0	
	1.771368	
	1.580141	
	0.10574	